i,j,t
0,1,1
0,2,1
1,2,1
1,3,1
1,4,1
2,4,1
2,5,1
3,4,1
3,6,1
3,7,1
4,5,1
5,11,1
5,12,1
6,7,1
6,8,1
6,9,1
7,9,1
7,10,1
8,9,1
8,15,1
8,16,1
9,10,1
10,11,1
10,13,1
11,12,1
11,13,1
12,13,1
12,14,1
13,14,1
14,29,1
14,30,1
15,16,1
15,17,1
15,18,1
16,18,1
16,19,1
17,18,1
17,20,1
17,21,1
18,19,1
19,25,1
19,26,1
20,21,1
20,22,1
20,23,1
21,23,1
21,24,1
22,23,1
22,42,1
22,43,1
23,24,1
24,25,1
24,27,1
25,26,1
25,27,1
26,27,1
26,28,1
27,28,1
28,34,1
28,36,1
29,30,1
29,31,1
29,32,1
30,32,1
30,33,1
31,32,1
31,34,1
31,35,1
32,33,1
33,38,1
33,39,1
34,35,1
34,36,1
35,36,1
35,37,1
36,37,1
37,38,1
37,40,1
38,39,1
38,40,1
39,40,1
39,41,1
40,41,1
41,83,1
41,84,1
42,43,1
42,44,1
42,45,1
43,45,1
43,46,1
44,45,1
44,47,1
44,48,1
45,46,1
46,52,1
46,53,1
47,48,1
47,49,1
47,50,1
48,50,1
48,51,1
49,50,1
49,56,1
49,57,1
50,51,1
51,52,1
51,54,1
52,53,1
52,54,1
53,54,1
53,55,1
54,55,1
55,70,1
55,71,1
56,57,1
56,58,1
56,59,1
57,59,1
57,60,1
58,59,1
58,61,1
58,62,1
59,60,1
60,66,1
60,67,1
61,62,1
61,63,1
61,64,1
62,64,1
62,65,1
63,64,1
64,65,1
65,66,1
65,68,1
66,67,1
66,68,1
67,68,1
67,69,1
68,69,1
69,75,1
69,77,1
70,71,1
70,72,1
70,73,1
71,73,1
71,74,1
72,73,1
72,75,1
72,76,1
73,74,1
74,79,1
74,80,1
75,76,1
75,77,1
76,77,1
76,78,1
77,78,1
78,79,1
78,81,1
79,80,1
79,81,1
80,81,1
80,82,1
81,82,1
82,102,1
82,104,1
83,84,1
83,85,1
83,86,1
84,86,1
84,87,1
85,86,1
85,88,1
85,89,1
86,87,1
87,93,1
87,94,1
88,89,1
88,90,1
88,91,1
89,91,1
89,92,1
90,91,1
90,97,1
90,98,1
91,92,1
92,93,1
92,95,1
93,94,1
93,95,1
94,95,1
94,96,1
95,96,1
96,110,1
96,111,1
97,98,1
97,99,1
97,100,1
98,100,1
98,101,1
99,100,1
99,102,1
99,103,1
100,101,1
101,106,1
101,107,1
102,103,1
102,104,1
103,104,1
103,105,1
104,105,1
105,106,1
105,108,1
106,107,1
106,108,1
107,108,1
107,109,1
108,109,1
109,115,1
109,117,1
110,111,1
110,112,1
110,113,1
111,113,1
111,114,1
112,113,1
112,115,1
112,116,1
113,114,1
114,119,1
114,120,1
115,116,1
115,117,1
116,117,1
116,118,1
117,118,1
118,119,1
118,121,1
119,120,1
119,121,1
120,121,1
120,122,1
121,122,1
