x,y
-1.2500021,136.39899
1.2499979,136.39899
-0.0000021122396,138.56406
-0.000002026558,134.23392
2.499998,134.23392
1.249998,136.39899
-2.500002,134.23392
-1.250002,136.39899
1.2499981,132.06886
3.749998,132.06886
2.499998,134.23393
2.499998,129.9038
4.999998,129.9038
-0.0000019073486,129.9038
-3.750002,132.06886
-1.2500019,132.06886
-2.500002,134.23393
-2.500002,129.9038
-5.000002,129.9038
3.749998,127.73873
6.249998,127.73873
4.999998,125.57367
7.499998,125.57367
2.499998,125.57367
6.874998,124.49114
8.124998,124.49114
7.499998,125.57368
7.499998,123.40861
8.749998,123.40861
6.249998,123.40861
8.124998,122.32608
9.374998,122.32608
8.749998,123.408615
8.749998,121.243546
9.999998,121.243546
7.499998,121.243546
5.624998,122.32608
6.874998,122.32608
6.249998,123.408615
6.249998,121.243546
4.999998,121.243546
1.2499981,123.40861
3.749998,123.40861
2.499998,121.243546
-0.0000019073486,121.243546
-6.250002,127.73873
-3.750002,127.73873
-5.000002,125.57367
-2.500002,125.57367
-7.500002,125.57367
-3.750002,123.40861
-1.2500019,123.40861
-2.500002,121.243546
-5.000002,121.243546
-8.750002,123.40861
-6.250002,123.40861
-7.500002,121.243546
-10.000002,121.243546
9.374998,120.16102
10.624998,120.16102
9.999998,121.24355
9.999998,119.07848
11.249998,119.07848
8.749998,119.07848
10.624998,117.99596
11.874998,117.99596
11.249998,119.07849
11.249998,116.91342
12.499998,116.91342
9.999998,116.91342
8.124998,117.99596
9.374998,117.99596
8.749998,119.07849
8.749998,116.91342
7.499998,116.91342
11.874998,115.830894
13.124998,115.830894
12.499998,116.91343
12.499998,114.74836
13.749998,114.74836
11.249998,114.74836
13.124998,113.66583
14.374998,113.66583
13.749998,114.74837
13.749998,112.5833
14.999998,112.5833
12.499998,112.5833
10.624998,113.66583
11.874998,113.66583
11.249998,114.74837
11.249998,112.5833
9.999998,112.5833
6.874998,115.830894
8.124998,115.830894
7.499998,116.91343
7.499998,114.74836
8.749998,114.74836
6.249998,114.74836
8.124998,113.66583
9.374998,113.66583
8.749998,114.74837
8.749998,112.5833
7.499998,112.5833
5.624998,113.66583
6.874998,113.66583
6.249998,114.74837
6.249998,112.5833
4.999998,112.5833
14.374998,111.50076
15.624998,111.50076
14.999998,110.41823
16.249998,110.41823
13.749998,110.41823
15.624998,109.3357
16.874998,109.3357
16.249998,110.418236
16.249998,108.25317
17.499998,108.25317
14.999998,108.25317
13.124998,109.3357
14.374998,109.3357
13.749998,110.418236
13.749998,108.25317
12.499998,108.25317
16.874998,107.17064
18.124998,107.17064
17.499998,108.253174
17.499998,106.088104
18.749998,106.088104
16.249998,106.088104
18.124998,105.00558
19.374998,105.00558
18.749998,106.08811
18.749998,103.92304
19.999998,103.92304
17.499998,103.92304
15.624998,105.00558
16.874998,105.00558
16.249998,106.08811
16.249998,103.92304
14.999998,103.92304
11.874998,107.17064
13.124998,107.17064
12.499998,108.253174
12.499998,106.088104
13.749998,106.088104
11.249998,106.088104
13.124998,105.00558
14.374998,105.00558
13.749998,106.08811
13.749998,103.92304
12.499998,103.92304
10.624998,105.00558
11.874998,105.00558
11.249998,106.08811
11.249998,103.92304
9.999998,103.92304
4.374998,111.50076
5.624998,111.50076
4.999998,110.41823
6.249998,110.41823
3.749998,110.41823
5.624998,109.3357
6.874998,109.3357
6.249998,110.418236
6.249998,108.25317
7.499998,108.25317
4.999998,108.25317
3.124998,109.3357
4.374998,109.3357
3.749998,110.418236
3.749998,108.25317
2.499998,108.25317
6.874998,107.17064
8.124998,107.17064
7.499998,108.253174
7.499998,106.088104
8.749998,106.088104
6.249998,106.088104
8.124998,105.00558
9.374998,105.00558
8.749998,106.08811
8.749998,103.92304
7.499998,103.92304
5.624998,105.00558
6.874998,105.00558
6.249998,106.08811
6.249998,103.92304
4.999998,103.92304
1.8749981,107.17064
3.124998,107.17064
2.499998,108.253174
2.499998,106.088104
3.749998,106.088104
1.2499981,106.088104
3.124998,105.00558
4.374998,105.00558
3.749998,106.08811
3.749998,103.92304
2.499998,103.92304
0.6249981,105.00558
1.8749981,105.00558
1.2499981,106.08811
1.2499981,103.92304
-0.0000019073486,103.92304
-10.625002,120.16102
-9.375002,120.16102
-10.000002,121.24355
-10.000002,119.07848
-8.750002,119.07848
-11.250002,119.07848
-9.375002,117.99596
-8.125002,117.99596
-8.750002,119.07849
-8.750002,116.91342
-7.500002,116.91342
-10.000002,116.91342
-11.875002,117.99596
-10.625002,117.99596
-11.250002,119.07849
-11.250002,116.91342
-12.500002,116.91342
-8.125002,115.830894
-6.875002,115.830894
-7.500002,116.91343
-7.500002,114.74836
-6.250002,114.74836
-8.750002,114.74836
-6.875002,113.66583
-5.625002,113.66583
-6.250002,114.74837
-6.250002,112.5833
-5.000002,112.5833
-7.500002,112.5833
-9.375002,113.66583
-8.125002,113.66583
-8.750002,114.74837
-8.750002,112.5833
-10.000002,112.5833
-13.125002,115.830894
-11.875002,115.830894
-12.500002,116.91343
-12.500002,114.74836
-11.250002,114.74836
-13.750002,114.74836
-11.875002,113.66583
-10.625002,113.66583
-11.250002,114.74837
-11.250002,112.5833
-12.500002,112.5833
-14.375002,113.66583
-13.125002,113.66583
-13.750002,114.74837
-13.750002,112.5833
-15.000002,112.5833
-5.625002,111.50076
-4.375002,111.50076
-5.000002,110.41823
-3.750002,110.41823
-6.250002,110.41823
-4.375002,109.3357
-3.125002,109.3357
-3.750002,110.418236
-3.750002,108.25317
-2.500002,108.25317
-5.000002,108.25317
-6.875002,109.3357
-5.625002,109.3357
-6.250002,110.418236
-6.250002,108.25317
-7.500002,108.25317
-3.125002,107.17064
-1.8750019,107.17064
-2.500002,108.253174
-2.500002,106.088104
-1.2500019,106.088104
-3.750002,106.088104
-1.8750019,105.00558
-0.6250019,105.00558
-1.2500019,106.08811
-1.2500019,103.92304
-2.500002,103.92304
-4.375002,105.00558
-3.125002,105.00558
-3.750002,106.08811
-3.750002,103.92304
-5.000002,103.92304
-8.125002,107.17064
-6.875002,107.17064
-7.500002,108.253174
-7.500002,106.088104
-6.250002,106.088104
-8.750002,106.088104
-6.875002,105.00558
-5.625002,105.00558
-6.250002,106.08811
-6.250002,103.92304
-7.500002,103.92304
-9.375002,105.00558
-8.125002,105.00558
-8.750002,106.08811
-8.750002,103.92304
-10.000002,103.92304
-15.625002,111.50076
-14.375002,111.50076
-15.000002,110.41823
-13.750002,110.41823
-16.250002,110.41823
-14.375002,109.3357
-13.125002,109.3357
-13.750002,110.418236
-13.750002,108.25317
-12.500002,108.25317
-15.000002,108.25317
-16.875002,109.3357
-15.625002,109.3357
-16.250002,110.418236
-16.250002,108.25317
-17.500002,108.25317
-13.125002,107.17064
-11.875002,107.17064
-12.500002,108.253174
-12.500002,106.088104
-11.250002,106.088104
-13.750002,106.088104
-11.875002,105.00558
-10.625002,105.00558
-11.250002,106.08811
-11.250002,103.92304
-12.500002,103.92304
-14.375002,105.00558
-13.125002,105.00558
-13.750002,106.08811
-13.750002,103.92304
-15.000002,103.92304
-18.125002,107.17064
-16.875002,107.17064
-17.500002,108.253174
-17.500002,106.088104
-16.250002,106.088104
-18.750002,106.088104
-16.875002,105.00558
-15.625002,105.00558
-16.250002,106.08811
-16.250002,103.92304
-17.500002,103.92304
-19.375002,105.00558
-18.125002,105.00558
-18.750002,106.08811
-18.750002,103.92304
-20.000002,103.92304
19.374998,102.840515
20.624998,102.840515
19.999998,103.92305
19.999998,101.75798
21.249998,101.75798
18.749998,101.75798
20.624998,100.67545
21.874998,100.67545
21.249998,101.75799
21.249998,99.59292
22.499998,99.59292
19.999998,99.59292
18.124998,100.67545
19.374998,100.67545
18.749998,101.75799
18.749998,99.59292
17.499998,99.59292
21.874998,98.51039
23.124998,98.51039
22.499998,99.592926
22.499998,97.42786
23.749998,97.42786
21.249998,97.42786
23.124998,96.34533
24.374998,96.34533
23.749998,97.427864
23.749998,95.262794
24.999998,95.262794
22.499998,95.262794
20.624998,96.34533
21.874998,96.34533
21.249998,97.427864
21.249998,95.262794
19.999998,95.262794
16.874998,98.51039
18.124998,98.51039
17.499998,99.592926
17.499998,97.42786
18.749998,97.42786
16.249998,97.42786
18.124998,96.34533
19.374998,96.34533
18.749998,97.427864
18.749998,95.262794
17.499998,95.262794
15.624998,96.34533
16.874998,96.34533
16.249998,97.427864
16.249998,95.262794
14.999998,95.262794
24.374998,94.18026
25.624998,94.18026
24.999998,93.097725
26.249998,93.097725
23.749998,93.097725
25.624998,92.0152
26.874998,92.0152
26.249998,93.09773
26.249998,90.93266
27.499998,90.93266
24.999998,90.93266
23.124998,92.0152
24.374998,92.0152
23.749998,93.09773
23.749998,90.93266
22.499998,90.93266
26.874998,89.850136
28.124998,89.850136
27.499998,90.93267
27.499998,88.7676
28.749998,88.7676
26.249998,88.7676
28.124998,87.685074
29.374998,87.685074
28.749998,88.76761
28.749998,86.60254
29.999998,86.60254
27.499998,86.60254
25.624998,87.685074
26.874998,87.685074
26.249998,88.76761
26.249998,86.60254
24.999998,86.60254
21.874998,89.850136
23.124998,89.850136
22.499998,90.93267
22.499998,88.7676
23.749998,88.7676
21.249998,88.7676
23.124998,87.685074
24.374998,87.685074
23.749998,88.76761
23.749998,86.60254
22.499998,86.60254
20.624998,87.685074
21.874998,87.685074
21.249998,88.76761
21.249998,86.60254
19.999998,86.60254
14.374998,94.18026
15.624998,94.18026
14.999998,93.097725
16.249998,93.097725
13.749998,93.097725
15.624998,92.0152
16.874998,92.0152
16.249998,93.09773
16.249998,90.93266
17.499998,90.93266
14.999998,90.93266
13.124998,92.0152
14.374998,92.0152
13.749998,93.09773
13.749998,90.93266
12.499998,90.93266
16.874998,89.850136
18.124998,89.850136
17.499998,90.93267
17.499998,88.7676
18.749998,88.7676
16.249998,88.7676
18.124998,87.685074
19.374998,87.685074
18.749998,88.76761
18.749998,86.60254
17.499998,86.60254
15.624998,87.685074
16.874998,87.685074
16.249998,88.76761
16.249998,86.60254
14.999998,86.60254
11.874998,89.850136
13.124998,89.850136
12.499998,90.93267
12.499998,88.7676
13.749998,88.7676
11.249998,88.7676
13.124998,87.685074
14.374998,87.685074
13.749998,88.76761
13.749998,86.60254
12.499998,86.60254
10.624998,87.685074
11.874998,87.685074
11.249998,88.76761
11.249998,86.60254
9.999998,86.60254
29.374998,85.520004
30.624998,85.520004
29.999998,84.43747
31.249998,84.43747
28.749998,84.43747
30.624998,83.35494
31.874998,83.35494
31.249998,84.43748
31.249998,82.27241
32.5,82.27241
29.999998,82.27241
28.124998,83.35494
29.374998,83.35494
28.749998,84.43748
28.749998,82.27241
27.499998,82.27241
31.875,81.18988
33.125,81.18988
32.5,82.272415
32.5,80.107346
33.75,80.107346
31.25,80.107346
33.125,79.02482
34.375,79.02482
33.75,80.10735
33.75,77.94228
35,77.94228
32.5,77.94228
30.625,79.02482
31.875,79.02482
31.25,80.10735
31.25,77.94228
30,77.94228
26.874998,81.18988
28.124998,81.18988
27.499998,82.272415
27.499998,80.107346
28.749998,80.107346
26.249998,80.107346
28.124998,79.02482
29.374998,79.02482
28.749998,80.10735
28.749998,77.94228
29.999998,77.94228
27.499998,77.94228
25.624998,79.02482
26.874998,79.02482
26.249998,80.10735
26.249998,77.94228
24.999998,77.94228
34.375,76.85975
35.625,76.85975
35,75.777214
36.25,75.777214
33.75,75.777214
35.625,74.69469
36.875,74.69469
36.25,75.77722
36.25,73.61215
37.5,73.61215
35,73.61215
33.125,74.69469
34.375,74.69469
33.75,75.77722
33.75,73.61215
32.5,73.61215
36.875,72.529625
38.125,72.529625
37.5,73.61216
37.5,71.44709
38.75,71.44709
36.25,71.44709
38.125,70.36456
39.375,70.36456
38.75,71.4471
38.75,69.28203
40,69.28203
37.5,69.28203
35.625,70.36456
36.875,70.36456
36.25,71.4471
36.25,69.28203
35,69.28203
31.875,72.529625
33.125,72.529625
32.5,73.61216
32.5,71.44709
33.75,71.44709
31.25,71.44709
33.125,70.36456
34.375,70.36456
33.75,71.4471
33.75,69.28203
32.5,69.28203
30.625,70.36456
31.875,70.36456
31.25,71.4471
31.25,69.28203
30,69.28203
24.374998,76.85975
25.624998,76.85975
24.999998,75.777214
26.249998,75.777214
23.749998,75.777214
25.624998,74.69469
26.874998,74.69469
26.249998,75.77722
26.249998,73.61215
27.499998,73.61215
24.999998,73.61215
23.124998,74.69469
24.374998,74.69469
23.749998,75.77722
23.749998,73.61215
22.499998,73.61215
26.874998,72.529625
28.124998,72.529625
27.499998,73.61216
27.499998,71.44709
28.749998,71.44709
26.249998,71.44709
28.124998,70.36456
29.374998,70.36456
28.749998,71.4471
28.749998,69.28203
29.999998,69.28203
27.499998,69.28203
25.624998,70.36456
26.874998,70.36456
26.249998,71.4471
26.249998,69.28203
24.999998,69.28203
21.874998,72.529625
23.124998,72.529625
22.499998,73.61216
22.499998,71.44709
23.749998,71.44709
21.249998,71.44709
23.124998,70.36456
24.374998,70.36456
23.749998,71.4471
23.749998,69.28203
22.499998,69.28203
20.624998,70.36456
21.874998,70.36456
21.249998,71.4471
21.249998,69.28203
19.999998,69.28203
9.374998,85.520004
10.624998,85.520004
9.999998,84.43747
11.249998,84.43747
8.749998,84.43747
10.624998,83.35494
11.874998,83.35494
11.249998,84.43748
11.249998,82.27241
12.499998,82.27241
9.999998,82.27241
8.124998,83.35494
9.374998,83.35494
8.749998,84.43748
8.749998,82.27241
7.499998,82.27241
11.874998,81.18988
13.124998,81.18988
12.499998,82.272415
12.499998,80.107346
13.749998,80.107346
11.249998,80.107346
13.124998,79.02482
14.374998,79.02482
13.749998,80.10735
13.749998,77.94228
14.999998,77.94228
12.499998,77.94228
10.624998,79.02482
11.874998,79.02482
11.249998,80.10735
11.249998,77.94228
9.999998,77.94228
6.874998,81.18988
8.124998,81.18988
7.499998,82.272415
7.499998,80.107346
8.749998,80.107346
6.249998,80.107346
8.124998,79.02482
9.374998,79.02482
8.749998,80.10735
8.749998,77.94228
7.499998,77.94228
5.624998,79.02482
6.874998,79.02482
6.249998,80.10735
6.249998,77.94228
4.999998,77.94228
14.374998,76.85975
15.624998,76.85975
14.999998,75.777214
16.249998,75.777214
13.749998,75.777214
15.624998,74.69469
16.874998,74.69469
16.249998,75.77722
16.249998,73.61215
17.499998,73.61215
14.999998,73.61215
13.124998,74.69469
14.374998,74.69469
13.749998,75.77722
13.749998,73.61215
12.499998,73.61215
16.874998,72.529625
18.124998,72.529625
17.499998,73.61216
17.499998,71.44709
18.749998,71.44709
16.249998,71.44709
18.124998,70.36456
19.374998,70.36456
18.749998,71.4471
18.749998,69.28203
17.499998,69.28203
15.624998,70.36456
16.874998,70.36456
16.249998,71.4471
16.249998,69.28203
14.999998,69.28203
11.874998,72.529625
13.124998,72.529625
12.499998,73.61216
12.499998,71.44709
13.749998,71.44709
11.249998,71.44709
13.124998,70.36456
14.374998,70.36456
13.749998,71.4471
13.749998,69.28203
12.499998,69.28203
10.624998,70.36456
11.874998,70.36456
11.249998,71.4471
11.249998,69.28203
9.999998,69.28203
4.374998,76.85975
5.624998,76.85975
4.999998,75.777214
6.249998,75.777214
3.749998,75.777214
5.624998,74.69469
6.874998,74.69469
6.249998,75.77722
6.249998,73.61215
7.499998,73.61215
4.999998,73.61215
3.124998,74.69469
4.374998,74.69469
3.749998,75.77722
3.749998,73.61215
2.499998,73.61215
6.874998,72.529625
8.124998,72.529625
7.499998,73.61216
7.499998,71.44709
8.749998,71.44709
6.249998,71.44709
8.124998,70.36456
9.374998,70.36456
8.749998,71.4471
8.749998,69.28203
7.499998,69.28203
5.624998,70.36456
6.874998,70.36456
6.249998,71.4471
6.249998,69.28203
4.999998,69.28203
1.8749981,72.529625
3.124998,72.529625
2.499998,73.61216
2.499998,71.44709
3.749998,71.44709
1.2499981,71.44709
3.124998,70.36456
4.374998,70.36456
3.749998,71.4471
3.749998,69.28203
2.499998,69.28203
0.6249981,70.36456
1.8749981,70.36456
1.2499981,71.4471
1.2499981,69.28203
-0.0000019073486,69.28203
-21.250002,101.75798
-18.750002,101.75798
-20.000002,99.59292
-17.500002,99.59292
-22.500002,99.59292
-18.750002,97.42786
-16.250002,97.42786
-17.500002,95.262794
-15.000002,95.262794
-20.000002,95.262794
-23.750002,97.42786
-21.250002,97.42786
-22.500002,95.262794
-25.000002,95.262794
-15.625002,94.18026
-14.375002,94.18026
-15.000002,93.097725
-13.750002,93.097725
-16.250002,93.097725
-14.375002,92.0152
-13.125002,92.0152
-13.750002,93.09773
-13.750002,90.93266
-12.500002,90.93266
-15.000002,90.93266
-16.875002,92.0152
-15.625002,92.0152
-16.250002,93.09773
-16.250002,90.93266
-17.500002,90.93266
-13.125002,89.850136
-11.875002,89.850136
-12.500002,90.93267
-12.500002,88.7676
-11.250002,88.7676
-13.750002,88.7676
-11.875002,87.685074
-10.625002,87.685074
-11.250002,88.76761
-11.250002,86.60254
-10.000002,86.60254
-12.500002,86.60254
-14.375002,87.685074
-13.125002,87.685074
-13.750002,88.76761
-13.750002,86.60254
-15.000002,86.60254
-18.125002,89.850136
-16.875002,89.850136
-17.500002,90.93267
-17.500002,88.7676
-16.250002,88.7676
-18.750002,88.7676
-16.875002,87.685074
-15.625002,87.685074
-16.250002,88.76761
-16.250002,86.60254
-17.500002,86.60254
-19.375002,87.685074
-18.125002,87.685074
-18.750002,88.76761
-18.750002,86.60254
-20.000002,86.60254
-26.250002,93.097725
-23.750002,93.097725
-25.000002,95.26279
-25.000002,90.93266
-22.500002,90.93266
-27.500002,90.93266
-23.750002,88.7676
-21.250002,88.7676
-22.500002,86.60254
-25.000002,86.60254
-28.750002,88.7676
-26.250002,88.7676
-27.500002,86.60254
-30.000002,86.60254
-10.625002,85.520004
-9.375002,85.520004
-10.000002,84.43747
-8.750002,84.43747
-11.250002,84.43747
-9.375002,83.35494
-8.125002,83.35494
-8.750002,84.43748
-8.750002,82.27241
-7.500002,82.27241
-10.000002,82.27241
-11.875002,83.35494
-10.625002,83.35494
-11.250002,84.43748
-11.250002,82.27241
-12.500002,82.27241
-8.125002,81.18988
-6.875002,81.18988
-7.500002,82.272415
-7.500002,80.107346
-6.250002,80.107346
-8.750002,80.107346
-6.875002,79.02482
-5.625002,79.02482
-6.250002,80.10735
-6.250002,77.94228
-5.000002,77.94228
-7.500002,77.94228
-9.375002,79.02482
-8.125002,79.02482
-8.750002,80.10735
-8.750002,77.94228
-10.000002,77.94228
-13.125002,81.18988
-11.875002,81.18988
-12.500002,82.272415
-12.500002,80.107346
-11.250002,80.107346
-13.750002,80.107346
-11.875002,79.02482
-10.625002,79.02482
-11.250002,80.10735
-11.250002,77.94228
-12.500002,77.94228
-14.375002,79.02482
-13.125002,79.02482
-13.750002,80.10735
-13.750002,77.94228
-15.000002,77.94228
-5.625002,76.85975
-4.375002,76.85975
-5.000002,75.777214
-3.750002,75.777214
-6.250002,75.777214
-4.375002,74.69469
-3.125002,74.69469
-3.750002,75.77722
-3.750002,73.61215
-2.500002,73.61215
-5.000002,73.61215
-6.875002,74.69469
-5.625002,74.69469
-6.250002,75.77722
-6.250002,73.61215
-7.500002,73.61215
-3.125002,72.529625
-1.8750019,72.529625
-2.500002,73.61216
-2.500002,71.44709
-1.2500019,71.44709
-3.750002,71.44709
-1.8750019,70.36456
-0.6250019,70.36456
-1.2500019,71.4471
-1.2500019,69.28203
-2.500002,69.28203
-4.375002,70.36456
-3.125002,70.36456
-3.750002,71.4471
-3.750002,69.28203
-5.000002,69.28203
-8.125002,72.529625
-6.875002,72.529625
-7.500002,73.61216
-7.500002,71.44709
-6.250002,71.44709
-8.750002,71.44709
-6.875002,70.36456
-5.625002,70.36456
-6.250002,71.4471
-6.250002,69.28203
-7.500002,69.28203
-9.375002,70.36456
-8.125002,70.36456
-8.750002,71.4471
-8.750002,69.28203
-10.000002,69.28203
-15.625002,76.85975
-14.375002,76.85975
-15.000002,75.777214
-13.750002,75.777214
-16.250002,75.777214
-14.375002,74.69469
-13.125002,74.69469
-13.750002,75.77722
-13.750002,73.61215
-12.500002,73.61215
-15.000002,73.61215
-16.875002,74.69469
-15.625002,74.69469
-16.250002,75.77722
-16.250002,73.61215
-17.500002,73.61215
-13.125002,72.529625
-11.875002,72.529625
-12.500002,73.61216
-12.500002,71.44709
-11.250002,71.44709
-13.750002,71.44709
-11.875002,70.36456
-10.625002,70.36456
-11.250002,71.4471
-11.250002,69.28203
-12.500002,69.28203
-14.375002,70.36456
-13.125002,70.36456
-13.750002,71.4471
-13.750002,69.28203
-15.000002,69.28203
-18.125002,72.529625
-16.875002,72.529625
-17.500002,73.61216
-17.500002,71.44709
-16.250002,71.44709
-18.750002,71.44709
-16.875002,70.36456
-15.625002,70.36456
-16.250002,71.4471
-16.250002,69.28203
-17.500002,69.28203
-19.375002,70.36456
-18.125002,70.36456
-18.750002,71.4471
-18.750002,69.28203
-20.000002,69.28203
-31.250002,84.43747
-28.750002,84.43747
-30.000002,86.60253
-30.000002,82.27241
-27.500002,82.27241
-32.5,82.27241
-28.750002,80.107346
-26.250002,80.107346
-27.500002,77.94228
-25.000002,77.94228
-30.000002,77.94228
-33.75,80.107346
-31.25,80.107346
-32.5,77.94228
-30,77.94228
-35,77.94228
-26.250002,75.777214
-23.750002,75.777214
-25.000002,77.942276
-25.000002,73.61215
-22.500002,73.61215
-27.500002,73.61215
-23.750002,71.44709
-21.250002,71.44709
-21.875002,70.36456
-20.625002,70.36456
-21.250002,71.4471
-21.250002,69.28203
-22.500002,69.28203
-25.000002,69.28203
-28.750002,71.44709
-26.250002,71.44709
-27.500002,69.28203
-30.000002,69.28203
-36.25,75.777214
-33.75,75.777214
-35,77.942276
-35,73.61215
-32.5,73.61215
-37.5,73.61215
-33.75,71.44709
-31.25,71.44709
-32.5,69.28203
-30,69.28203
-35,69.28203
-38.75,71.44709
-36.25,71.44709
-37.5,69.28203
-40,69.28203
39.375,68.19949
40.625,68.19949
40,67.11696
41.25,67.11696
38.75,67.11696
40.625,66.03443
41.875,66.03443
41.25,67.11697
41.25,64.9519
42.5,64.9519
40,64.9519
38.125,66.03443
39.375,66.03443
38.75,67.11697
38.75,64.9519
37.5,64.9519
41.875,63.869366
43.125,63.869366
42.5,62.786835
43.75,62.786835
41.25,62.786835
43.125,61.704304
44.375,61.704304
43.75,60.621773
45,60.621773
42.5,60.621773
40.625,61.704304
41.875,61.704304
41.25,60.621773
40,60.621773
36.875,63.869366
38.125,63.869366
37.5,62.786835
38.75,62.786835
36.25,62.786835
38.125,61.704304
39.375,61.704304
38.75,60.621773
37.5,60.621773
35.625,61.704304
36.875,61.704304
36.25,60.621773
35,60.621773
44.375,59.53924
45.625,59.53924
45,58.45671
46.25,58.45671
43.75,58.45671
45.625,57.37418
46.875,57.37418
46.25,56.29165
47.5,56.29165
45,56.29165
43.125,57.37418
44.375,57.37418
43.75,56.29165
42.5,56.29165
46.875,55.209114
48.125,55.209114
47.5,56.291645
47.5,54.126583
48.75,54.126583
46.25,54.126583
48.125,53.044052
49.375,53.044052
48.75,51.96152
50,51.96152
47.5,51.96152
45.625,53.044052
46.875,53.044052
46.25,51.96152
45,51.96152
41.875,55.209114
43.125,55.209114
42.5,56.291645
42.5,54.126583
43.75,54.126583
41.25,54.126583
43.125,53.044052
44.375,53.044052
43.75,51.96152
42.5,51.96152
40.625,53.044052
41.875,53.044052
41.25,51.96152
40,51.96152
34.375,59.53924
35.625,59.53924
35,58.45671
36.25,58.45671
33.75,58.45671
35.625,57.37418
36.875,57.37418
36.25,56.29165
37.5,56.29165
35,56.29165
33.125,57.37418
34.375,57.37418
33.75,56.29165
32.5,56.29165
36.875,55.209114
38.125,55.209114
37.5,56.291645
37.5,54.126583
38.75,54.126583
36.25,54.126583
38.125,53.044052
39.375,53.044052
38.75,51.96152
37.5,51.96152
35.625,53.044052
36.875,53.044052
36.25,51.96152
35,51.96152
31.875,55.209114
33.125,55.209114
32.5,56.291645
32.5,54.126583
33.75,54.126583
31.25,54.126583
33.125,53.044052
34.375,53.044052
33.75,51.96152
32.5,51.96152
30.625,53.044052
31.875,53.044052
31.25,51.96152
30,51.96152
49.375,50.87899
50.625,50.87899
50,49.79646
51.25,49.79646
48.75,49.79646
50.625,48.71393
51.875,48.71393
51.25,47.631397
52.5,47.631397
50,47.631397
48.125,48.71393
49.375,48.71393
48.75,47.631397
47.5,47.631397
51.875,46.548862
53.125,46.548862
52.5,47.631393
52.5,45.46633
53.75,45.46633
51.25,45.46633
53.125,44.3838
54.375,44.3838
53.75,43.30127
55,43.30127
52.5,43.30127
50.625,44.3838
51.875,44.3838
51.25,43.30127
50,43.30127
46.875,46.548862
48.125,46.548862
47.5,47.631393
47.5,45.46633
48.75,45.46633
46.25,45.46633
48.125,44.3838
49.375,44.3838
48.75,43.30127
47.5,43.30127
45.625,44.3838
46.875,44.3838
46.25,43.30127
45,43.30127
54.375,42.218735
55.625,42.218735
55,43.301266
55,41.136204
56.25,41.136204
53.75,41.136204
55.625,40.053673
56.875,40.053673
56.25,38.97114
57.5,38.97114
55,38.97114
53.125,40.053673
54.375,40.053673
53.75,38.97114
52.5,38.97114
56.875,37.888607
58.125,37.888607
57.5,38.971138
57.5,36.806076
58.75,36.806076
56.25,36.806076
58.125,35.723545
59.375,35.723545
58.75,34.641014
60,34.641014
57.5,34.641014
55.625,35.723545
56.875,35.723545
56.25,34.641014
55,34.641014
51.875,37.888607
53.125,37.888607
52.5,38.971138
52.5,36.806076
53.75,36.806076
51.25,36.806076
53.125,35.723545
54.375,35.723545
53.75,34.641014
52.5,34.641014
50.625,35.723545
51.875,35.723545
51.25,34.641014
50,34.641014
44.375,42.218735
45.625,42.218735
45,43.301266
45,41.136204
46.25,41.136204
43.75,41.136204
45.625,40.053673
46.875,40.053673
46.25,38.97114
47.5,38.97114
45,38.97114
43.125,40.053673
44.375,40.053673
43.75,38.97114
42.5,38.97114
46.875,37.888607
48.125,37.888607
47.5,38.971138
47.5,36.806076
48.75,36.806076
46.25,36.806076
48.125,35.723545
49.375,35.723545
48.75,34.641014
47.5,34.641014
45.625,35.723545
46.875,35.723545
46.25,34.641014
45,34.641014
41.875,37.888607
43.125,37.888607
42.5,38.971138
42.5,36.806076
43.75,36.806076
41.25,36.806076
43.125,35.723545
44.375,35.723545
43.75,34.641014
42.5,34.641014
40.625,35.723545
41.875,35.723545
41.25,34.641014
40,34.641014
29.375,50.87899
30.625,50.87899
30,49.79646
31.25,49.79646
28.75,49.79646
30.625,48.71393
31.875,48.71393
31.25,47.631397
32.5,47.631397
30,47.631397
28.125,48.71393
29.375,48.71393
28.75,47.631397
27.5,47.631397
31.875,46.548862
33.125,46.548862
32.5,47.631393
32.5,45.46633
33.75,45.46633
31.25,45.46633
33.125,44.3838
34.375,44.3838
33.75,43.30127
35,43.30127
32.5,43.30127
30.625,44.3838
31.875,44.3838
31.25,43.30127
30,43.30127
26.875,46.548862
28.125,46.548862
27.5,47.631393
27.5,45.46633
28.75,45.46633
26.25,45.46633
28.125,44.3838
29.375,44.3838
28.75,43.30127
27.5,43.30127
25.625,44.3838
26.875,44.3838
26.25,43.30127
25,43.30127
34.375,42.218735
35.625,42.218735
35,43.301266
35,41.136204
36.25,41.136204
33.75,41.136204
35.625,40.053673
36.875,40.053673
36.25,38.97114
37.5,38.97114
35,38.97114
33.125,40.053673
34.375,40.053673
33.75,38.97114
32.5,38.97114
36.875,37.888607
38.125,37.888607
37.5,38.971138
37.5,36.806076
38.75,36.806076
36.25,36.806076
38.125,35.723545
39.375,35.723545
38.75,34.641014
37.5,34.641014
35.625,35.723545
36.875,35.723545
36.25,34.641014
35,34.641014
31.875,37.888607
33.125,37.888607
32.5,38.971138
32.5,36.806076
33.75,36.806076
31.25,36.806076
33.125,35.723545
34.375,35.723545
33.75,34.641014
32.5,34.641014
30.625,35.723545
31.875,35.723545
31.25,34.641014
30,34.641014
24.375,42.218735
25.625,42.218735
25,43.301266
25,41.136204
26.25,41.136204
23.75,41.136204
25.625,40.053673
26.875,40.053673
26.25,38.97114
27.5,38.97114
25,38.97114
23.125,40.053673
24.375,40.053673
23.75,38.97114
22.5,38.97114
26.875,37.888607
28.125,37.888607
27.5,38.971138
27.5,36.806076
28.75,36.806076
26.25,36.806076
28.125,35.723545
29.375,35.723545
28.75,34.641014
27.5,34.641014
25.625,35.723545
26.875,35.723545
26.25,34.641014
25,34.641014
21.875,37.888607
23.125,37.888607
22.5,38.971138
22.5,36.806076
23.75,36.806076
21.25,36.806076
23.125,35.723545
24.375,35.723545
23.75,34.641014
22.5,34.641014
20.625,35.723545
21.875,35.723545
21.25,34.641014
20,34.641014
59.375,33.55848
60.625,33.55848
60,34.64101
60,32.47595
61.25,32.47595
58.75,32.47595
60.625,31.393417
61.875,31.393417
61.25,30.310886
62.5,30.310886
60,30.310886
58.125,31.393417
59.375,31.393417
58.75,30.310886
57.5,30.310886
61.875,29.228355
63.125,29.228355
62.5,28.145824
63.75,28.145824
61.25,28.145824
63.125,27.063292
64.375,27.063292
63.75,28.145823
63.75,25.98076
65,25.98076
62.5,25.98076
60.625,27.063292
61.875,27.063292
61.25,28.145823
61.25,25.98076
60,25.98076
56.875,29.228355
58.125,29.228355
57.5,28.145824
58.75,28.145824
56.25,28.145824
58.125,27.063292
59.375,27.063292
58.75,28.145823
58.75,25.98076
57.5,25.98076
55.625,27.063292
56.875,27.063292
56.25,28.145823
56.25,25.98076
55,25.98076
64.375,24.89823
65.625,24.89823
65,23.815699
66.25,23.815699
63.75,23.815699
65.625,22.733166
66.875,22.733166
66.25,23.815697
66.25,21.650635
67.5,21.650635
65,21.650635
63.125,22.733166
64.375,22.733166
63.75,23.815697
63.75,21.650635
62.5,21.650635
66.875,20.568102
68.125,20.568102
67.5,21.650633
67.5,19.48557
68.75,19.48557
66.25,19.48557
68.125,18.403038
69.375,18.403038
68.75,19.485569
68.75,17.320507
70,17.320507
67.5,17.320507
65.625,18.403038
66.875,18.403038
66.25,19.485569
66.25,17.320507
65,17.320507
61.875,20.568102
63.125,20.568102
62.5,21.650633
62.5,19.48557
63.75,19.48557
61.25,19.48557
63.125,18.403038
64.375,18.403038
63.75,19.485569
63.75,17.320507
62.5,17.320507
60.625,18.403038
61.875,18.403038
61.25,19.485569
61.25,17.320507
60,17.320507
54.375,24.89823
55.625,24.89823
55,23.815699
56.25,23.815699
53.75,23.815699
55.625,22.733166
56.875,22.733166
56.25,23.815697
56.25,21.650635
57.5,21.650635
55,21.650635
53.125,22.733166
54.375,22.733166
53.75,23.815697
53.75,21.650635
52.5,21.650635
56.875,20.568102
58.125,20.568102
57.5,21.650633
57.5,19.48557
58.75,19.48557
56.25,19.48557
58.125,18.403038
59.375,18.403038
58.75,19.485569
58.75,17.320507
57.5,17.320507
55.625,18.403038
56.875,18.403038
56.25,19.485569
56.25,17.320507
55,17.320507
51.875,20.568102
53.125,20.568102
52.5,21.650633
52.5,19.48557
53.75,19.48557
51.25,19.48557
53.125,18.403038
54.375,18.403038
53.75,19.485569
53.75,17.320507
52.5,17.320507
50.625,18.403038
51.875,18.403038
51.25,19.485569
51.25,17.320507
50,17.320507
65,8.660254
75,8.660254
70,0
80,0
60,0
49.375,16.237974
50.625,16.237974
50,17.320505
50,15.155443
51.25,15.155443
48.75,15.155443
50.625,14.072912
51.875,14.072912
51.25,15.155444
51.25,12.99038
52.5,12.99038
50,12.99038
48.125,14.072912
49.375,14.072912
48.75,15.155444
48.75,12.99038
47.5,12.99038
51.875,11.907849
53.125,11.907849
52.5,12.990381
52.5,10.825317
53.75,10.825317
51.25,10.825317
53.125,9.742785
54.375,9.742785
53.75,8.660254
55,8.660254
52.5,8.660254
50.625,9.742785
51.875,9.742785
51.25,8.660254
50,8.660254
46.875,11.907849
48.125,11.907849
47.5,12.990381
47.5,10.825317
48.75,10.825317
46.25,10.825317
48.125,9.742785
49.375,9.742785
48.75,8.660254
47.5,8.660254
45.625,9.742785
46.875,9.742785
46.25,8.660254
45,8.660254
50,0
40,0
19.375,33.55848
20.625,33.55848
20,34.64101
20,32.47595
21.25,32.47595
18.75,32.47595
20.625,31.393417
21.875,31.393417
21.25,30.310886
22.5,30.310886
20,30.310886
18.125,31.393417
19.375,31.393417
18.75,30.310886
17.5,30.310886
21.875,29.228355
23.125,29.228355
22.5,28.145824
23.75,28.145824
21.25,28.145824
23.125,27.063292
24.375,27.063292
23.75,28.145823
23.75,25.98076
25,25.98076
22.5,25.98076
20.625,27.063292
21.875,27.063292
21.25,28.145823
21.25,25.98076
20,25.98076
16.875,29.228355
18.125,29.228355
17.5,28.145824
18.75,28.145824
16.25,28.145824
18.125,27.063292
19.375,27.063292
18.75,28.145823
18.75,25.98076
17.5,25.98076
15.625,27.063292
16.875,27.063292
16.25,28.145823
16.25,25.98076
15,25.98076
24.375,24.89823
25.625,24.89823
25,23.815699
26.25,23.815699
23.75,23.815699
25.625,22.733166
26.875,22.733166
26.25,23.815697
26.25,21.650635
27.5,21.650635
25,21.650635
23.125,22.733166
24.375,22.733166
23.75,23.815697
23.75,21.650635
22.5,21.650635
26.875,20.568102
28.125,20.568102
27.5,21.650633
27.5,19.48557
28.75,19.48557
26.25,19.48557
28.125,18.403038
29.375,18.403038
28.75,19.485569
28.75,17.320507
30,17.320507
27.5,17.320507
25.625,18.403038
26.875,18.403038
26.25,19.485569
26.25,17.320507
25,17.320507
21.875,20.568102
23.125,20.568102
22.5,21.650633
22.5,19.48557
23.75,19.48557
21.25,19.48557
23.125,18.403038
24.375,18.403038
23.75,19.485569
23.75,17.320507
22.5,17.320507
20.625,18.403038
21.875,18.403038
21.25,19.485569
21.25,17.320507
20,17.320507
14.375,24.89823
15.625,24.89823
15,23.815699
16.25,23.815699
13.75,23.815699
15.625,22.733166
16.875,22.733166
16.25,23.815697
16.25,21.650635
17.5,21.650635
15,21.650635
13.125,22.733166
14.375,22.733166
13.75,23.815697
13.75,21.650635
12.5,21.650635
16.875,20.568102
18.125,20.568102
17.5,21.650633
17.5,19.48557
18.75,19.48557
16.25,19.48557
18.125,18.403038
19.375,18.403038
18.75,19.485569
18.75,17.320507
17.5,17.320507
15.625,18.403038
16.875,18.403038
16.25,19.485569
16.25,17.320507
15,17.320507
11.875,20.568102
13.125,20.568102
12.5,21.650633
12.5,19.48557
13.75,19.48557
11.25,19.48557
13.125,18.403038
14.375,18.403038
13.75,19.485569
13.75,17.320507
12.5,17.320507
10.625,18.403038
11.875,18.403038
11.25,19.485569
11.25,17.320507
10,17.320507
29.375,16.237974
30.625,16.237974
30,17.320505
30,15.155443
31.25,15.155443
28.75,15.155443
30.625,14.072912
31.875,14.072912
31.25,15.155444
31.25,12.99038
32.5,12.99038
30,12.99038
28.125,14.072912
29.375,14.072912
28.75,15.155444
28.75,12.99038
27.5,12.99038
31.875,11.907849
33.125,11.907849
32.5,12.990381
32.5,10.825317
33.75,10.825317
31.25,10.825317
33.125,9.742785
34.375,9.742785
33.75,8.660254
35,8.660254
32.5,8.660254
30.625,9.742785
31.875,9.742785
31.25,8.660254
30,8.660254
26.875,11.907849
28.125,11.907849
27.5,12.990381
27.5,10.825317
28.75,10.825317
26.25,10.825317
28.125,9.742785
29.375,9.742785
28.75,8.660254
27.5,8.660254
25.625,9.742785
26.875,9.742785
26.25,8.660254
25,8.660254
30,0
20,0
5,8.660254
15,8.660254
10,0
0,0
-45,60.621773
-35,60.621773
-40,51.96152
-30,51.96152
-50,51.96152
-35,43.30127
-25,43.30127
-30,51.961525
-30,34.641014
-20,34.641014
-40,34.641014
-55,43.30127
-45,43.30127
-50,51.961525
-50,34.641014
-60,34.641014
-25,25.98076
-15,25.98076
-20,17.320507
-10,17.320507
-30,17.320507
-15,8.660254
-5,8.660254
-10,0
-20,0
-35,8.660254
-25,8.660254
-30,0
-40,0
-65,25.98076
-55,25.98076
-60,17.320507
-50,17.320507
-70,17.320507
-55,8.660254
-45,8.660254
-50,0
-60,0
-75,8.660254
-65,8.660254
-70,0
-80,0
